AU06_r,AU12_r,sigmas,pis,as,bs
0.13076895577721065,0.14892157683823312,"[[ 0.00742716  0.00139806]
 [ 0.00139806  0.00842674]]",0.4608693670634927,[ 2.          2.09096055],[ 13.29414981  11.94972179]
0.001212425962101244,0.08619082262823403,"[[  1.00592525e-04   1.28965823e-06]
 [  1.28965823e-06   4.49082234e-03]]",0.13937735965006917,[ 2.  2.],[ 1647.58526336    21.20432662]
0.340044519165171,0.405274343515067,"[[ 0.01432538  0.00966437]
 [ 0.00966437  0.0241244 ]]",0.1412476811546858,[ 4.98692445  3.64382429],[ 9.67858012  5.34718229]
0.10166327355643279,0.0013051307562306092,"[[  6.98281223e-03  -5.11121386e-06]
 [ -5.11121386e-06   1.00846774e-04]]",0.06974052414774327,[ 2.  2.],[   17.67278772  1530.41350758]
0.0010620984982159147,0.001101271950528678,"[[  1.00192210e-04   2.44308521e-09]
 [  2.44308521e-09   1.00285041e-04]]",0.18876506798400897,[ 2.  2.],[ 1881.06452119  1814.08184885]
