AU06_r,AU12_r,sigmas,pis,as,bs
0.10166327372370967,0.0013051307451257812,"[[ 6.98281225e-03 -5.11121328e-06]
 [-5.11121328e-06  1.00846774e-04]]",0.06974052395844955,[2. 2.],[  17.67278769 1530.41352061]
0.34004449243648754,0.40527430248016943,"[[0.01432538 0.00966437]
 [0.00966437 0.0241244 ]]",0.14124771848605847,[4.98692369 3.64382341],[9.67857981 5.34718192]
0.001062098498282719,0.0011012719505723045,"[[1.00192210e-04 2.44308526e-09]
 [2.44308526e-09 1.00285041e-04]]",0.1887650679885761,[2. 2.],[1881.06452107 1814.08184878]
0.001212425953612047,0.08619082266653659,"[[1.00592525e-04 1.28965832e-06]
 [1.28965832e-06 4.49082235e-03]]",0.13937735936051912,[2. 2.],[1647.58527491   21.20432661]
0.13076894690245072,0.14892156854104513,"[[0.00742716 0.00139806]
 [0.00139806 0.00842674]]",0.4608693302063969,[2.         2.09096056],[13.29415085 11.94972258]
