AU12_r,sigmas,pis,as,bs
0.1862935000195266,[[0.02254426]],0.7401431680544599,[2.],[8.73574762]
0.0011758177741653913,[[0.00010053]],0.2598568319455401,[2.],[1698.94384006]
