AU12_r,sigmas,pis,as,bs
0.18629350001952857,[[0.02254426]],0.7401431680544519,[2.],[8.73574762]
0.0011758177741655147,[[0.00010053]],0.25985683194554804,[2.],[1698.94384006]
