AU06_r,AU12_r,sigmas,pis,as,bs
0.13076895019788648,0.14892157162201222,"[[0.00742716 0.00139806]
 [0.00139806 0.00842674]]",0.4608693438924283,[2.         2.09096056],[13.29415046 11.94972229]
0.3400445023615659,0.4052743177175283,"[[0.01432538 0.00966437]
 [0.00966437 0.0241244 ]]",0.14124770462391695,[4.98692398 3.64382374],[9.67857992 5.34718206]
0.0010620984982579321,0.0011012719505560948,"[[1.00192210e-04 2.44308524e-09]
 [2.44308524e-09 1.00285041e-04]]",0.18876506798687953,[2. 2.],[1881.06452112 1814.0818488 ]
0.0012124259567643414,0.08619082265231374,"[[1.00592525e-04 1.28965829e-06]
 [1.28965829e-06 4.49082234e-03]]",0.1393773594680388,[2. 2.],[1647.58527062   21.20432661]
0.1016632736615972,0.0013051307492491769,"[[ 6.98281224e-03 -5.11121350e-06]
 [-5.11121350e-06  1.00846774e-04]]",0.06974052402873648,[2. 2.],[  17.6727877  1530.41351577]
