AU06_r,AU12_r,sigmas,pis,as,bs
0.1016632735354708,0.0013051307576222478,"[[ 6.98281223e-03 -5.11121393e-06]
 [-5.11121393e-06  1.00846774e-04]]",0.06974052417146662,[2. 2.],[  17.67278773 1530.41350594]
0.0012124259631651636,0.08619082262343343,"[[1.00592525e-04 1.28965821e-06]
 [1.28965821e-06 4.49082233e-03]]",0.1393773596863609,[2. 2.],[1647.58526191   21.20432662]
0.3400445225147638,0.40527434865748657,"[[0.01432538 0.00966437]
 [0.00966437 0.0241244 ]]",0.14124767647638742,[4.98692455 3.6438244 ],[9.67858016 5.34718234]
0.001062098498207538,0.001101271950523165,"[[1.00192210e-04 2.44308520e-09]
 [2.44308520e-09 1.00285041e-04]]",0.18876506798343173,[2. 2.],[1881.06452121 1814.08184886]
0.130768956889377,0.14892157787801905,"[[0.00742716 0.00139806]
 [0.00139806 0.00842674]]",0.4608693716823534,[2.         2.09096055],[13.29414968 11.94972169]
