AU12_r,sigmas,pis,as,bs
0.0011758177741655212,[[0.00010053]],0.2598568319455484,[2.],[1698.94384006]
0.18629350001952866,[[0.02254426]],0.7401431680544516,[2.],[8.73574762]
