AU06_r,sigmas,pis,as,bs
0.16856672662497232,[[0.01555799]],0.6890814813173877,[2.],[9.86473772]
0.0011778190619285336,[[0.00010054]],0.31091851868261233,[2.],[1696.05368638]
