AU06_r,sigmas,pis,as,bs
0.16856672662497288,[[0.01555799]],0.6890814813173854,[2.],[9.86473772]
0.001177819061928567,[[0.00010054]],0.31091851868261444,[2.],[1696.05368638]
