AU06_r,sigmas,pis,as,bs
0.1685667266249733,[[0.01555799]],0.6890814813173837,[2.],[9.86473772]
0.0011778190619285978,[[0.00010054]],0.31091851868261694,[2.],[1696.05368638]
