AU06_r,sigmas,pis,as,bs
0.16856672662497313,[[0.01555799]],0.6890814813173843,[2.],[9.86473772]
0.001177819061928582,[[0.00010054]],0.3109185186826158,[2.],[1696.05368638]
